[
  {
    "character": "Invincible",
    "quote": "I'm not just your son. I'm Invincible.",
    "image": "https://upload.wikimedia.org/wikipedia/en/8/88/Invincible_%28Mark_Grayson%29.png"
  },
  {
    "character": "Omni-Man",
    "quote": "Think, Mark! Think!",
    "image": "https://upload.wikimedia.org/wikipedia/en/1/1b/Omni-Man.png"
  },
  {
    "character": "Atom Eve",
    "quote": "I make my own choices.",
    "image": "https://static.wikia.nocookie.net/invincible/images/3/3e/Atom_Eve.png"
  }
]
